Country Name,Country Code,Indicator Name,Indicator Code,2010,2011,2012,2013,2014,2015,2016,2017
Aruba,ABW,Household final consumption expenditure per capita (constant 2010 US$),NE.CON.PRVT.PC.KD,14290.98074,,,,,,,
Afghanistan,AFG,Household final consumption expenditure per capita (constant 2010 US$),NE.CON.PRVT.PC.KD,538.3968709,525.5505745,551.8693611,522.2677194,505.4833291,524.3851574,509.4570879,
Angola,AGO,Household final consumption expenditure per capita (constant 2010 US$),NE.CON.PRVT.PC.KD,1710.571133,,,,,,,
Albania,ALB,Household final consumption expenditure per capita (constant 2010 US$),NE.CON.PRVT.PC.KD,3177.049419,3242.16829,3251.750104,3317.342271,3416.906118,3463.853116,3569.314283,
Andorra,AND,Household final consumption expenditure per capita (constant 2010 US$),NE.CON.PRVT.PC.KD,,,,,,,,
Arab World,ARB,Household final consumption expenditure per capita (constant 2010 US$),NE.CON.PRVT.PC.KD,2786.697835,2790.347526,2847.370481,2923.693129,3032.078711,2983.657563,3066.682884,
United Arab Emirates,ARE,Household final consumption expenditure per capita (constant 2010 US$),NE.CON.PRVT.PC.KD,22508.41838,21191.92962,19696.91683,21370.37279,23302.02925,20055.97826,22119.82531,
Argentina,ARG,Household final consumption expenditure per capita (constant 2010 US$),NE.CON.PRVT.PC.KD,6600.864962,7144.242782,7148.086503,7331.026653,6939.487724,7112.588986,6941.299757,
Armenia,ARM,Household final consumption expenditure per capita (constant 2010 US$),NE.CON.PRVT.PC.KD,2638.980305,2716.801411,2957.381916,2972.04899,2988.640573,2741.905882,2702.412861,
American Samoa,ASM,Household final consumption expenditure per capita (constant 2010 US$),NE.CON.PRVT.PC.KD,7225.407553,6942.570357,6820.155085,7039.589612,7080.17997,7029.434445,6964.663869,
Antigua and Barbuda,ATG,Household final consumption expenditure per capita (constant 2010 US$),NE.CON.PRVT.PC.KD,,,,,,,,
Australia,AUS,Household final consumption expenditure per capita (constant 2010 US$),NE.CON.PRVT.PC.KD,28745.49964,29428.61308,29650.76053,29580.87922,29908.90065,30247.64938,30655.8691,
Austria,AUT,Household final consumption expenditure per capita (constant 2010 US$),NE.CON.PRVT.PC.KD,25069.94909,25310.16491,25320.80422,25138.68592,24888.39326,24623.89,24707.97551,
Azerbaijan,AZE,Household final consumption expenditure per capita (constant 2010 US$),NE.CON.PRVT.PC.KD,2299.876404,2812.779984,2836.716346,,,,,
Burundi,BDI,Household final consumption expenditure per capita (constant 2010 US$),NE.CON.PRVT.PC.KD,157.6041903,158.7427573,160.353771,163.1410343,165.6149949,161.5968012,158.4698079,
Belgium,BEL,Household final consumption expenditure per capita (constant 2010 US$),NE.CON.PRVT.PC.KD,23058.32068,22818.99526,22786.31035,22844.33417,22930.05013,23001.51291,23250.02778,
Benin,BEN,Household final consumption expenditure per capita (constant 2010 US$),NE.CON.PRVT.PC.KD,556.4089262,553.7252456,552.1844672,553.8986434,567.9396131,556.1865874,572.7998496,
Burkina Faso,BFA,Household final consumption expenditure per capita (constant 2010 US$),NE.CON.PRVT.PC.KD,361.6231508,363.5728337,376.3070535,390.1364702,397.3839695,396.2725501,,
Bangladesh,BGD,Household final consumption expenditure per capita (constant 2010 US$),NE.CON.PRVT.PC.KD,561.5457734,591.1503966,608.2979947,632.0032818,649.7561528,679.8946954,692.7831053,
Bulgaria,BGR,Household final consumption expenditure per capita (constant 2010 US$),NE.CON.PRVT.PC.KD,4366.342087,4480.499148,4641.215814,4552.10942,4703.742535,4946.567268,5158.333724,
Bahrain,BHR,Household final consumption expenditure per capita (constant 2010 US$),NE.CON.PRVT.PC.KD,8534.089737,8832.173523,8781.267428,9539.126813,9325.646464,9255.211747,,
"Bahamas, The",BHS,Household final consumption expenditure per capita (constant 2010 US$),NE.CON.PRVT.PC.KD,15065.18269,14451.17423,14853.78319,14429.47294,14889.06917,14385.69357,14494.62064,
Bosnia and Herzegovina,BIH,Household final consumption expenditure per capita (constant 2010 US$),NE.CON.PRVT.PC.KD,3874.144242,3902.872575,3920.511443,3968.346101,4088.520679,4197.739532,4292.829312,
Belarus,BLR,Household final consumption expenditure per capita (constant 2010 US$),NE.CON.PRVT.PC.KD,3355.061584,3437.377445,3807.996504,4218.152484,4394.296621,4285.524132,4115.247733,
Belize,BLZ,Household final consumption expenditure per capita (constant 2010 US$),NE.CON.PRVT.PC.KD,3049.000025,3117.502576,3154.291171,3233.181022,3184.280125,3242.73547,,
Bermuda,BMU,Household final consumption expenditure per capita (constant 2010 US$),NE.CON.PRVT.PC.KD,48546.57269,,,,,,,
Bolivia,BOL,Household final consumption expenditure per capita (constant 2010 US$),NE.CON.PRVT.PC.KD,1234.232946,1277.828321,1315.705365,1372.08033,1424.277858,1475.624317,1502.891412,
Brazil,BRA,Household final consumption expenditure per capita (constant 2010 US$),NE.CON.PRVT.PC.KD,6759.500249,7017.797444,7195.497667,7377.284912,7476.64866,7121.021985,6762.996734,
Barbados,BRB,Household final consumption expenditure per capita (constant 2010 US$),NE.CON.PRVT.PC.KD,11192.40688,,,,,,,
Brunei Darussalam,BRN,Household final consumption expenditure per capita (constant 2010 US$),NE.CON.PRVT.PC.KD,5189.260472,5396.131468,5779.218465,6037.66746,5764.588144,5940.435624,5785.941357,
Bhutan,BTN,Household final consumption expenditure per capita (constant 2010 US$),NE.CON.PRVT.PC.KD,1015.205688,1055.997834,1013.800883,1577.019452,1454.476164,1576.854496,1515.840848,
Botswana,BWA,Household final consumption expenditure per capita (constant 2010 US$),NE.CON.PRVT.PC.KD,3118.896888,3304.74493,3200.722347,3458.965243,3423.906908,3493.056373,3505.806742,
Central African Republic,CAF,Household final consumption expenditure per capita (constant 2010 US$),NE.CON.PRVT.PC.KD,411.650484,419.3373865,434.7256752,283.3754789,344.0143722,351.8073508,351.8659714,
Canada,CAN,Household final consumption expenditure per capita (constant 2010 US$),NE.CON.PRVT.PC.KD,27014.66908,27362.09544,27558.80652,27947.20385,28385.7337,28690.99462,29012.99251,
Central Europe and the Baltics,CEB,Household final consumption expenditure per capita (constant 2010 US$),NE.CON.PRVT.PC.KD,7338.588781,7491.724483,7524.065568,7557.833507,7761.44966,8052.599687,8422.639403,
Switzerland,CHE,Household final consumption expenditure per capita (constant 2010 US$),NE.CON.PRVT.PC.KD,40179.21231,40030.86401,40534.16451,41121.27221,41139.52875,41406.81296,41583.47616,
Channel Islands,CHI,Household final consumption expenditure per capita (constant 2010 US$),NE.CON.PRVT.PC.KD,,,,,,,,
Chile,CHL,Household final consumption expenditure per capita (constant 2010 US$),NE.CON.PRVT.PC.KD,7500.668253,8040.027194,8449.468409,8758.582704,8915.407079,9017.810068,9155.620959,
China,CHN,Household final consumption expenditure per capita (constant 2010 US$),NE.CON.PRVT.PC.KD,1612.708154,1784.281873,1920.953435,2041.959329,2191.260828,2337.82226,2506.243883,
Cote d'Ivoire,CIV,Household final consumption expenditure per capita (constant 2010 US$),NE.CON.PRVT.PC.KD,818.2019345,752.9861715,818.7313596,831.4109529,893.4033901,990.7031707,1059.867729,
Cameroon,CMR,Household final consumption expenditure per capita (constant 2010 US$),NE.CON.PRVT.PC.KD,918.7979181,920.9768772,937.6888451,969.3253416,993.7115459,1019.224965,1029.341674,
"Congo, Dem. Rep.",COD,Household final consumption expenditure per capita (constant 2010 US$),NE.CON.PRVT.PC.KD,244.4133822,251.6716508,260.5855408,270.948339,295.456351,282.9470457,280.4865299,
"Congo, Rep.",COG,Household final consumption expenditure per capita (constant 2010 US$),NE.CON.PRVT.PC.KD,1057.022575,942.0039444,676.5408817,863.4962527,765.3680432,801.5036524,869.0748601,
Colombia,COL,Household final consumption expenditure per capita (constant 2010 US$),NE.CON.PRVT.PC.KD,3923.802277,4114.568344,4251.444718,4352.745094,4495.915933,4597.759291,4652.418229,
Comoros,COM,Household final consumption expenditure per capita (constant 2010 US$),NE.CON.PRVT.PC.KD,777.602645,789.390104,805.1988931,821.4245579,805.753015,,,
Cabo Verde,CPV,Household final consumption expenditure per capita (constant 2010 US$),NE.CON.PRVT.PC.KD,2087.798348,2109.1023,2154.679999,2167.600344,,,,
Costa Rica,CRI,Household final consumption expenditure per capita (constant 2010 US$),NE.CON.PRVT.PC.KD,5362.305472,5628.092284,5904.853724,6009.934167,6197.298799,6424.731154,6650.794678,
Caribbean small states,CSS,Household final consumption expenditure per capita (constant 2010 US$),NE.CON.PRVT.PC.KD,5513.640665,5671.745082,5763.807539,5387.932926,5367.526607,5486.878633,,
Cuba,CUB,Household final consumption expenditure per capita (constant 2010 US$),NE.CON.PRVT.PC.KD,2856.159387,2890.652877,2977.515381,3122.925967,3258.216481,3491.15565,,
Curacao,CUW,Household final consumption expenditure per capita (constant 2010 US$),NE.CON.PRVT.PC.KD,,,,,,,,
Cayman Islands,CYM,Household final consumption expenditure per capita (constant 2010 US$),NE.CON.PRVT.PC.KD,,,,,,,,
Cyprus,CYP,Household final consumption expenditure per capita (constant 2010 US$),NE.CON.PRVT.PC.KD,20029.96558,19396.40749,18849.58194,17781.19502,18100.75878,18679.86129,19215.9308,
Czech Republic,CZE,Household final consumption expenditure per capita (constant 2010 US$),NE.CON.PRVT.PC.KD,9697.449859,9701.895406,9570.847731,9616.865812,9779.434733,10120.79407,10465.23895,
Germany,DEU,Household final consumption expenditure per capita (constant 2010 US$),NE.CON.PRVT.PC.KD,23423.23998,24183.61953,24462.17041,24545.14053,24677.19523,24884.22581,25151.06529,
Djibouti,DJI,Household final consumption expenditure per capita (constant 2010 US$),NE.CON.PRVT.PC.KD,,,,,,,,
Dominica,DMA,Household final consumption expenditure per capita (constant 2010 US$),NE.CON.PRVT.PC.KD,,,,,,,,
Denmark,DNK,Household final consumption expenditure per capita (constant 2010 US$),NE.CON.PRVT.PC.KD,27634.80212,27597.15646,27634.38119,27596.29993,27706.9835,27944.92705,28297.40346,
Dominican Republic,DOM,Household final consumption expenditure per capita (constant 2010 US$),NE.CON.PRVT.PC.KD,4061.275553,4184.05397,4208.873423,4252.974627,4351.756038,4509.478342,4672.804231,
Algeria,DZA,Household final consumption expenditure per capita (constant 2010 US$),NE.CON.PRVT.PC.KD,1531.860129,1592.400188,1639.517362,1686.796475,1725.42911,1758.629659,1783.802744,
East Asia & Pacific (excluding high income),EAP,Household final consumption expenditure per capita (constant 2010 US$),NE.CON.PRVT.PC.KD,1608.483108,1743.871982,1863.28668,1965.855287,2087.964076,2210.819327,2350.206411,
Early-demographic dividend,EAR,Household final consumption expenditure per capita (constant 2010 US$),NE.CON.PRVT.PC.KD,1706.291949,1793.568671,1849.446175,1906.836386,1941.232463,1993.727561,2055.373673,
East Asia & Pacific,EAS,Household final consumption expenditure per capita (constant 2010 US$),NE.CON.PRVT.PC.KD,3718.48882,3848.066683,3988.878914,4118.575248,4219.967266,4331.584015,4467.939344,
Europe & Central Asia (excluding high income),ECA,Household final consumption expenditure per capita (constant 2010 US$),NE.CON.PRVT.PC.KD,4392.640389,4725.645188,4963.200827,5215.333866,5277.223964,5068.065699,5033.19474,
Europe & Central Asia,ECS,Household final consumption expenditure per capita (constant 2010 US$),NE.CON.PRVT.PC.KD,13334.53405,13469.49469,13489.35844,13556.61401,13666.46631,13752.34283,13940.35232,
Ecuador,ECU,Household final consumption expenditure per capita (constant 2010 US$),NE.CON.PRVT.PC.KD,2946.971447,3048.572823,3086.878501,3158.20613,3195.257118,3144.615977,2985.835004,
"Egypt, Arab Rep.",EGY,Household final consumption expenditure per capita (constant 2010 US$),NE.CON.PRVT.PC.KD,1940.75178,2005.417064,2088.933408,2110.699031,2155.357603,2175.30106,2229.584655,
Euro area,EMU,Household final consumption expenditure per capita (constant 2010 US$),NE.CON.PRVT.PC.KD,21184.18839,21217.72098,20929.08134,20728.62044,20830.9373,21140.75415,21492.02375,
Eritrea,ERI,Household final consumption expenditure per capita (constant 2010 US$),NE.CON.PRVT.PC.KD,411.6411216,332.6638767,,,,,,
Spain,ESP,Household final consumption expenditure per capita (constant 2010 US$),NE.CON.PRVT.PC.KD,17594.43645,17119.33764,16506.51198,16045.26464,16339.77667,16845.38836,17338.92319,
Estonia,EST,Household final consumption expenditure per capita (constant 2010 US$),NE.CON.PRVT.PC.KD,7648.088275,7954.741984,8328.429318,8648.049544,8962.793765,9367.436083,9777.543342,
Ethiopia,ETH,Household final consumption expenditure per capita (constant 2010 US$),NE.CON.PRVT.PC.KD,,,,,,,,
European Union,EUU,Household final consumption expenditure per capita (constant 2010 US$),NE.CON.PRVT.PC.KD,19311.71314,19328.74464,19183.03135,19106.48494,19275.99389,19620.13617,20013.22259,
Fragile and conflict affected situations,FCS,Household final consumption expenditure per capita (constant 2010 US$),NE.CON.PRVT.PC.KD,951.4295668,,,,,,,
Finland,FIN,Household final consumption expenditure per capita (constant 2010 US$),NE.CON.PRVT.PC.KD,24583.58651,25186.88255,25151.72329,24922.63587,25008.68721,25342.17899,25733.14848,
Fiji,FJI,Household final consumption expenditure per capita (constant 2010 US$),NE.CON.PRVT.PC.KD,,,,,,,,
France,FRA,Household final consumption expenditure per capita (constant 2010 US$),NE.CON.PRVT.PC.KD,22852.27935,22850.054,22690.15062,22685.1523,22745.68447,22969.34999,23381.11242,
Faroe Islands,FRO,Household final consumption expenditure per capita (constant 2010 US$),NE.CON.PRVT.PC.KD,24859.91076,,,,,,,
"Micronesia, Fed. Sts.",FSM,Household final consumption expenditure per capita (constant 2010 US$),NE.CON.PRVT.PC.KD,,,,,,,,
Gabon,GAB,Household final consumption expenditure per capita (constant 2010 US$),NE.CON.PRVT.PC.KD,2682.490019,2779.643492,2852.204311,2982.071107,3049.217264,3084.670652,3022.409193,
United Kingdom,GBR,Household final consumption expenditure per capita (constant 2010 US$),NE.CON.PRVT.PC.KD,25501.28202,25121.40256,25347.30201,25614.25397,25962.1588,26415.47905,26958.06377,
Georgia,GEO,Household final consumption expenditure per capita (constant 2010 US$),NE.CON.PRVT.PC.KD,2227.965753,,,,,,,
Ghana,GHA,Household final consumption expenditure per capita (constant 2010 US$),NE.CON.PRVT.PC.KD,1022.327542,1142.090619,994.7310648,1068.630681,1101.626749,1049.77932,,
Gibraltar,GIB,Household final consumption expenditure per capita (constant 2010 US$),NE.CON.PRVT.PC.KD,,,,,,,,
Guinea,GIN,Household final consumption expenditure per capita (constant 2010 US$),NE.CON.PRVT.PC.KD,,,,,,,,
"Gambia, The",GMB,Household final consumption expenditure per capita (constant 2010 US$),NE.CON.PRVT.PC.KD,495.2447021,450.6157116,412.7455158,449.0131038,466.0584882,502.1705159,465.8044872,
Guinea-Bissau,GNB,Household final consumption expenditure per capita (constant 2010 US$),NE.CON.PRVT.PC.KD,511.3699954,518.7696712,484.0459164,470.5771609,469.9380869,503.6302129,535.0077132,
Equatorial Guinea,GNQ,Household final consumption expenditure per capita (constant 2010 US$),NE.CON.PRVT.PC.KD,4011.440703,3991.305794,4080.607087,4609.701153,4582.873583,4552.575291,4566.055174,
Greece,GRC,Household final consumption expenditure per capita (constant 2010 US$),NE.CON.PRVT.PC.KD,18673.46543,16878.18087,15608.23808,15317.93216,15516.3667,15546.68623,15615.5441,
Grenada,GRD,Household final consumption expenditure per capita (constant 2010 US$),NE.CON.PRVT.PC.KD,,,,,,,,
Greenland,GRL,Household final consumption expenditure per capita (constant 2010 US$),NE.CON.PRVT.PC.KD,18596.4597,19051.73873,18825.36337,18501.50553,18241.12801,18676.08619,,
Guatemala,GTM,Household final consumption expenditure per capita (constant 2010 US$),NE.CON.PRVT.PC.KD,2432.488373,2467.255059,2490.516065,2528.397136,2578.148736,2672.654776,2730.094384,
Guam,GUM,Household final consumption expenditure per capita (constant 2010 US$),NE.CON.PRVT.PC.KD,17661.37327,17895.39622,18507.79609,18480.33875,18557.00498,18561.9076,18741.15886,
Guyana,GUY,Household final consumption expenditure per capita (constant 2010 US$),NE.CON.PRVT.PC.KD,2643.523127,,,,,,,
High income,HIC,Household final consumption expenditure per capita (constant 2010 US$),NE.CON.PRVT.PC.KD,23549.46113,23727.2022,23823.35604,23978.25653,24274.64864,24698.88058,25122.10459,
"Hong Kong SAR, China",HKG,Household final consumption expenditure per capita (constant 2010 US$),NE.CON.PRVT.PC.KD,19977.74896,21509.28515,22145.91162,23076.08298,23679.86016,24599.04534,24890.18233,
Honduras,HND,Household final consumption expenditure per capita (constant 2010 US$),NE.CON.PRVT.PC.KD,1509.905476,1534.895259,1571.522337,1602.076896,1614.772743,1637.328771,1670.736057,
Heavily indebted poor countries (HIPC),HPC,Household final consumption expenditure per capita (constant 2010 US$),NE.CON.PRVT.PC.KD,540.077975,541.5809488,537.4676616,547.9612638,557.8158553,564.9065585,575.8882481,
Croatia,HRV,Household final consumption expenditure per capita (constant 2010 US$),NE.CON.PRVT.PC.KD,7960.909755,8242.703926,8017.151526,7897.41765,7802.203069,7955.781883,8273.808998,
Haiti,HTI,Household final consumption expenditure per capita (constant 2010 US$),NE.CON.PRVT.PC.KD,770.6080576,736.2511895,677.3963935,683.8116957,686.9213925,674.0335323,671.1359815,
Hungary,HUN,Household final consumption expenditure per capita (constant 2010 US$),NE.CON.PRVT.PC.KD,6876.99556,6945.553063,6823.577581,6857.608243,7065.621126,7339.482455,7680.228055,
IBRD only,IBD,Household final consumption expenditure per capita (constant 2010 US$),NE.CON.PRVT.PC.KD,2308.544804,2452.955422,2559.921542,2658.380986,2734.838275,2774.619225,2845.587909,
IDA & IBRD total,IBT,Household final consumption expenditure per capita (constant 2010 US$),NE.CON.PRVT.PC.KD,1935.755192,2042.723643,2121.891532,2202.449529,2257.678083,2284.620085,2336.574571,
IDA total,IDA,Household final consumption expenditure per capita (constant 2010 US$),NE.CON.PRVT.PC.KD,752.9924174,751.7154269,758.0527115,805.079545,812.9035196,820.7809693,,
IDA blend,IDB,Household final consumption expenditure per capita (constant 2010 US$),NE.CON.PRVT.PC.KD,1078.934084,1059.960034,1065.687968,1167.850547,1168.554955,1170.200232,,
Indonesia,IDN,Household final consumption expenditure per capita (constant 2010 US$),NE.CON.PRVT.PC.KD,1750.310882,1815.052448,1890.735299,1969.389996,2048.262819,2122.333422,2204.13054,
IDA only,IDX,Household final consumption expenditure per capita (constant 2010 US$),NE.CON.PRVT.PC.KD,587.2318332,596.749055,603.5940957,617.7105019,630.2901828,642.4306052,654.1554783,
Isle of Man,IMN,Household final consumption expenditure per capita (constant 2010 US$),NE.CON.PRVT.PC.KD,,,,,,,,
India,IND,Household final consumption expenditure per capita (constant 2010 US$),NE.CON.PRVT.PC.KD,742.4716987,800.7908058,834.0156623,884.078685,927.8701235,973.0339997,1045.524494,
Not classified,INX,Household final consumption expenditure per capita (constant 2010 US$),NE.CON.PRVT.PC.KD,,,,,,,,
Ireland,IRL,Household final consumption expenditure per capita (constant 2010 US$),NE.CON.PRVT.PC.KD,23173.19009,22723.60007,22409.35699,22306.55113,22678.0764,23484.73532,23701.95389,
"Iran, Islamic Rep.",IRN,Household final consumption expenditure per capita (constant 2010 US$),NE.CON.PRVT.PC.KD,2803.634444,2891.001772,2791.934769,2705.045677,2726.095048,2599.08604,2667.123639,
Iraq,IRQ,Household final consumption expenditure per capita (constant 2010 US$),NE.CON.PRVT.PC.KD,2001.155903,,,,,,,
Iceland,ISL,Household final consumption expenditure per capita (constant 2010 US$),NE.CON.PRVT.PC.KD,21378.82529,21842.32662,22161.72987,22173.83456,22557.72019,23288.07505,24552.46714,
Israel,ISR,Household final consumption expenditure per capita (constant 2010 US$),NE.CON.PRVT.PC.KD,17392.30326,17745.59149,17910.27938,18232.26593,18683.04177,19039.15397,19809.43678,
Italy,ITA,Household final consumption expenditure per capita (constant 2010 US$),NE.CON.PRVT.PC.KD,21872.0959,21831.91227,20913.28876,20164.27751,20032.1107,20452.57051,20798.55351,
Jamaica,JAM,Household final consumption expenditure per capita (constant 2010 US$),NE.CON.PRVT.PC.KD,3836.005206,3965.411768,3910.500192,3868.661,3822.150894,3789.041865,3765.004245,
Jordan,JOR,Household final consumption expenditure per capita (constant 2010 US$),NE.CON.PRVT.PC.KD,,,,,,,,
Japan,JPN,Household final consumption expenditure per capita (constant 2010 US$),NE.CON.PRVT.PC.KD,25703.36304,25651.51283,26213.80483,26873.44772,26680.01951,26599.24848,26734.25898,
Kazakhstan,KAZ,Household final consumption expenditure per capita (constant 2010 US$),NE.CON.PRVT.PC.KD,4116.304692,4540.761262,4937.023009,5370.403344,5370.566857,5387.753058,,
Kenya,KEN,Household final consumption expenditure per capita (constant 2010 US$),NE.CON.PRVT.PC.KD,746.3569789,771.9947094,794.7395745,838.2959805,851.3383434,871.5257486,889.8349877,
Kyrgyz Republic,KGZ,Household final consumption expenditure per capita (constant 2010 US$),NE.CON.PRVT.PC.KD,744.4727107,804.1803679,879.1397678,930.6340843,939.3171358,911.4556212,908.8221597,
Cambodia,KHM,Household final consumption expenditure per capita (constant 2010 US$),NE.CON.PRVT.PC.KD,638.7042582,694.115761,714.5677646,743.372033,764.1296996,796.531534,837.0553588,
Kiribati,KIR,Household final consumption expenditure per capita (constant 2010 US$),NE.CON.PRVT.PC.KD,,,,,,,,
St. Kitts and Nevis,KNA,Household final consumption expenditure per capita (constant 2010 US$),NE.CON.PRVT.PC.KD,,,,,,,,
"Korea, Rep.",KOR,Household final consumption expenditure per capita (constant 2010 US$),NE.CON.PRVT.PC.KD,11114.32428,11349.09707,11506.70535,11670.02764,11799.56443,11996.20208,12237.75301,
Kuwait,KWT,Household final consumption expenditure per capita (constant 2010 US$),NE.CON.PRVT.PC.KD,11122.7157,10746.09802,10939.65076,10831.79576,10811.30775,10747.44279,11053.48709,
Latin America & Caribbean (excluding high income),LAC,Household final consumption expenditure per capita (constant 2010 US$),NE.CON.PRVT.PC.KD,5411.211849,5624.676351,5779.704169,5903.416235,5920.145727,5842.335876,5728.652363,
Lao PDR,LAO,Household final consumption expenditure per capita (constant 2010 US$),NE.CON.PRVT.PC.KD,851.1846759,866.3459848,982.7502567,1018.019136,1052.285657,1085.213,1118.544859,
Lebanon,LBN,Household final consumption expenditure per capita (constant 2010 US$),NE.CON.PRVT.PC.KD,7756.026678,7241.126161,7120.235578,6684.925592,6797.116419,6712.266592,6348.960108,
Liberia,LBR,Household final consumption expenditure per capita (constant 2010 US$),NE.CON.PRVT.PC.KD,457.7750704,440.6211092,396.2613599,398.1444504,418.4119714,493.1223956,450.2491511,
Libya,LBY,Household final consumption expenditure per capita (constant 2010 US$),NE.CON.PRVT.PC.KD,,,,,,,,
St. Lucia,LCA,Household final consumption expenditure per capita (constant 2010 US$),NE.CON.PRVT.PC.KD,6019.410644,,,,,,,
Latin America & Caribbean,LCN,Household final consumption expenditure per capita (constant 2010 US$),NE.CON.PRVT.PC.KD,5575.341212,5799.954359,5965.017801,6092.806639,6111.162149,6037.695295,5931.245965,
Least developed countries: UN classification,LDC,Household final consumption expenditure per capita (constant 2010 US$),NE.CON.PRVT.PC.KD,536.8564582,543.3954026,552.5797915,562.8383439,571.5421358,582.3420307,590.4232216,
Low income,LIC,Household final consumption expenditure per capita (constant 2010 US$),NE.CON.PRVT.PC.KD,402.4272229,406.5054701,427.156845,426.9663701,431.5807404,436.4645498,439.0247187,
Liechtenstein,LIE,Household final consumption expenditure per capita (constant 2010 US$),NE.CON.PRVT.PC.KD,,,,,,,,
Sri Lanka,LKA,Household final consumption expenditure per capita (constant 2010 US$),NE.CON.PRVT.PC.KD,1922.399146,2100.43528,2136.197496,2291.186583,2363.922147,2556.268271,2564.549294,
Lower middle income,LMC,Household final consumption expenditure per capita (constant 2010 US$),NE.CON.PRVT.PC.KD,1046.172158,1093.201213,1127.900714,1189.982237,1224.909164,1257.672203,1319.318511,
Low & middle income,LMY,Household final consumption expenditure per capita (constant 2010 US$),NE.CON.PRVT.PC.KD,1870.960206,1975.644256,2054.289932,2135.052697,2189.684538,2215.968912,2266.575712,
Lesotho,LSO,Household final consumption expenditure per capita (constant 2010 US$),NE.CON.PRVT.PC.KD,1080.93948,1138.61631,1162.726402,1221.425633,1191.377599,1197.749648,1197.012104,
Late-demographic dividend,LTE,Household final consumption expenditure per capita (constant 2010 US$),NE.CON.PRVT.PC.KD,2894.989969,3074.921978,3227.902876,3365.847681,3503.817393,3529.828104,3616.381998,
Lithuania,LTU,Household final consumption expenditure per capita (constant 2010 US$),NE.CON.PRVT.PC.KD,7673.667661,8209.899939,8578.23939,9039.273699,9478.975154,9949.059865,10573.594,
Luxembourg,LUX,Household final consumption expenditure per capita (constant 2010 US$),NE.CON.PRVT.PC.KD,33792.95963,33543.40317,33702.74922,33594.04973,33565.307,33867.93227,33930.40132,
Latvia,LVA,Household final consumption expenditure per capita (constant 2010 US$),NE.CON.PRVT.PC.KD,7224.896088,7575.575763,7911.509029,8400.731593,8597.14806,8884.782332,9261.308046,
"Macao SAR, China",MAC,Household final consumption expenditure per capita (constant 2010 US$),NE.CON.PRVT.PC.KD,12244.5465,13326.11806,14001.29481,14595.46822,15115.66015,15123.35107,14681.60401,
St. Martin (French part),MAF,Household final consumption expenditure per capita (constant 2010 US$),NE.CON.PRVT.PC.KD,,,,,,,,
Morocco,MAR,Household final consumption expenditure per capita (constant 2010 US$),NE.CON.PRVT.PC.KD,1665.360407,1732.938577,1779.171437,1809.025111,1838.853992,1854.80607,1892.012379,
Monaco,MCO,Household final consumption expenditure per capita (constant 2010 US$),NE.CON.PRVT.PC.KD,,,,,,,,
Moldova,MDA,Household final consumption expenditure per capita (constant 2010 US$),NE.CON.PRVT.PC.KD,1499.135637,1641.002946,1657.630424,1764.191104,1821.755606,1781.001535,1839.967072,
Madagascar,MDG,Household final consumption expenditure per capita (constant 2010 US$),NE.CON.PRVT.PC.KD,357.6788104,353.5255424,355.3674425,350.0908561,339.99189,331.9530799,324.7458067,
Maldives,MDV,Household final consumption expenditure per capita (constant 2010 US$),NE.CON.PRVT.PC.KD,,,,,,,,
Middle East & North Africa,MEA,Household final consumption expenditure per capita (constant 2010 US$),NE.CON.PRVT.PC.KD,3329.544705,3366.101669,3407.536264,3462.393737,3573.620909,3512.916898,3620.292949,
Mexico,MEX,Household final consumption expenditure per capita (constant 2010 US$),NE.CON.PRVT.PC.KD,6003.555232,6198.361339,6411.037231,6457.004024,6484.727031,6548.024458,6640.394945,
Marshall Islands,MHL,Household final consumption expenditure per capita (constant 2010 US$),NE.CON.PRVT.PC.KD,2581.800668,,,,,,,
Middle income,MIC,Household final consumption expenditure per capita (constant 2010 US$),NE.CON.PRVT.PC.KD,2031.133241,2149.183305,2237.307944,2329.930041,2393.404086,2425.514186,2485.079111,
"Macedonia, FYR",MKD,Household final consumption expenditure per capita (constant 2010 US$),NE.CON.PRVT.PC.KD,3431.819897,3245.309553,3281.611132,3339.933018,3410.09074,3533.633501,3677.320536,
Mali,MLI,Household final consumption expenditure per capita (constant 2010 US$),NE.CON.PRVT.PC.KD,514.2599349,509.8177041,500.8342286,499.3896004,521.6721175,536.1513225,546.8838763,
Malta,MLT,Household final consumption expenditure per capita (constant 2010 US$),NE.CON.PRVT.PC.KD,12189.98833,12492.598,12365.09385,12502.40959,12718.76503,13322.762,13543.31693,
Myanmar,MMR,Household final consumption expenditure per capita (constant 2010 US$),NE.CON.PRVT.PC.KD,557.9365362,,,,,,,
Middle East & North Africa (excluding high income),MNA,Household final consumption expenditure per capita (constant 2010 US$),NE.CON.PRVT.PC.KD,2165.952531,2232.855496,2256.052185,2250.926495,2290.381255,2267.987009,2308.466551,
Montenegro,MNE,Household final consumption expenditure per capita (constant 2010 US$),NE.CON.PRVT.PC.KD,5467.988476,5487.542598,5268.817799,5347.295277,5494.834884,5613.967069,5913.601018,
Mongolia,MNG,Household final consumption expenditure per capita (constant 2010 US$),NE.CON.PRVT.PC.KD,1463.445416,1665.073209,1846.3153,2090.509879,2180.52202,2316.060939,2072.195322,
Northern Mariana Islands,MNP,Household final consumption expenditure per capita (constant 2010 US$),NE.CON.PRVT.PC.KD,8121.417022,7958.63353,8154.026919,8529.765608,8809.371169,8953.212188,9190.914921,
Mozambique,MOZ,Household final consumption expenditure per capita (constant 2010 US$),NE.CON.PRVT.PC.KD,326.2344176,332.5192715,349.3083477,359.276672,365.3617102,372.4028863,380.403692,
Mauritania,MRT,Household final consumption expenditure per capita (constant 2010 US$),NE.CON.PRVT.PC.KD,618.0319261,617.9359612,651.6331281,647.6617388,648.1987691,642.3213311,,
Mauritius,MUS,Household final consumption expenditure per capita (constant 2010 US$),NE.CON.PRVT.PC.KD,5855.534527,5992.588349,6139.784454,6287.897106,6441.595411,6617.793043,6811.64405,
Malawi,MWI,Household final consumption expenditure per capita (constant 2010 US$),NE.CON.PRVT.PC.KD,345.1925978,378.7271752,416.1277762,364.7725673,393.0087733,409.1078055,477.2117182,
Malaysia,MYS,Household final consumption expenditure per capita (constant 2010 US$),NE.CON.PRVT.PC.KD,4364.816275,4579.266262,4870.37404,5129.131283,5392.335078,5623.764738,5869.827321,
North America,NAC,Household final consumption expenditure per capita (constant 2010 US$),NE.CON.PRVT.PC.KD,32391.93818,32871.89232,33101.64317,33366.5583,34052.42502,34983.8723,35662.5283,
Namibia,NAM,Household final consumption expenditure per capita (constant 2010 US$),NE.CON.PRVT.PC.KD,3282.141447,3504.974647,3759.350068,4021.378988,4198.789244,4587.569645,4794.559999,
New Caledonia,NCL,Household final consumption expenditure per capita (constant 2010 US$),NE.CON.PRVT.PC.KD,,,,,,,,
Niger,NER,Household final consumption expenditure per capita (constant 2010 US$),NE.CON.PRVT.PC.KD,,,,,,,,
Nigeria,NGA,Household final consumption expenditure per capita (constant 2010 US$),NE.CON.PRVT.PC.KD,1538.848362,1452.444737,1414.149329,1666.884463,1633.098352,1612.73812,,
Nicaragua,NIC,Household final consumption expenditure per capita (constant 2010 US$),NE.CON.PRVT.PC.KD,1325.1946,1343.485267,1381.762241,1418.120599,1461.396923,1520.876759,1583.605138,
Netherlands,NLD,Household final consumption expenditure per capita (constant 2010 US$),NE.CON.PRVT.PC.KD,22519.06594,22450.53338,22109.59037,21822.95908,21802.48257,22147.74678,22372.62157,
Norway,NOR,Household final consumption expenditure per capita (constant 2010 US$),NE.CON.PRVT.PC.KD,36788.61288,37167.51804,37956.46482,38556.05158,38920.46904,39530.54993,39772.2728,
Nepal,NPL,Household final consumption expenditure per capita (constant 2010 US$),NE.CON.PRVT.PC.KD,465.1957483,462.6525982,529.9071456,537.5433402,553.4750301,562.7019236,551.9092238,
Nauru,NRU,Household final consumption expenditure per capita (constant 2010 US$),NE.CON.PRVT.PC.KD,,,,,,,,
New Zealand,NZL,Household final consumption expenditure per capita (constant 2010 US$),NE.CON.PRVT.PC.KD,19566.58635,20050.47478,20393.5075,20956.28109,21274.11057,21460.86457,22031.64211,
OECD members,OED,Household final consumption expenditure per capita (constant 2010 US$),NE.CON.PRVT.PC.KD,21857.70134,22063.11027,22157.90927,22300.58638,22543.71349,22952.19127,23329.46087,
Oman,OMN,Household final consumption expenditure per capita (constant 2010 US$),NE.CON.PRVT.PC.KD,6157.049925,5724.191912,5618.82831,5404.591453,5347.397007,5189.082041,,
Other small states,OSS,Household final consumption expenditure per capita (constant 2010 US$),NE.CON.PRVT.PC.KD,4439.787565,4519.807866,4580.894821,4724.002879,4775.002199,4910.212468,4983.584075,
Pakistan,PAK,Household final consumption expenditure per capita (constant 2010 US$),NE.CON.PRVT.PC.KD,829.1557152,849.1386338,873.1934272,873.2128907,902.9531107,910.2946344,954.0533253,
Panama,PAN,Household final consumption expenditure per capita (constant 2010 US$),NE.CON.PRVT.PC.KD,4739.870367,4805.976713,4954.545322,5075.143255,5217.26535,5576.159911,5675.744073,
Peru,PER,Household final consumption expenditure per capita (constant 2010 US$),NE.CON.PRVT.PC.KD,3100.59276,3280.730033,3478.03709,3628.480864,3721.127033,3797.852863,3881.145814,
Philippines,PHL,Household final consumption expenditure per capita (constant 2010 US$),NE.CON.PRVT.PC.KD,1523.666913,1582.649004,1659.855841,1724.490685,1790.756439,1873.946081,1973.113601,
Palau,PLW,Household final consumption expenditure per capita (constant 2010 US$),NE.CON.PRVT.PC.KD,6415.476307,6568.949453,6810.763276,6806.748051,6948.548522,7345.164452,7656.375884,
Papua New Guinea,PNG,Household final consumption expenditure per capita (constant 2010 US$),NE.CON.PRVT.PC.KD,,,,,,,,
Poland,POL,Household final consumption expenditure per capita (constant 2010 US$),NE.CON.PRVT.PC.KD,7755.893909,7995.810821,8055.671164,8086.703596,8286.622315,8540.349022,8873.993739,
Pre-demographic dividend,PRE,Household final consumption expenditure per capita (constant 2010 US$),NE.CON.PRVT.PC.KD,852.3623387,825.2988893,818.0587231,893.1734492,889.30239,890.3906591,,
Puerto Rico,PRI,Household final consumption expenditure per capita (constant 2010 US$),NE.CON.PRVT.PC.KD,15258.21484,15670.50636,16244.1076,16708.77022,16454.44977,16333.61947,16355.30535,
"Korea, Dem. People's Rep.",PRK,Household final consumption expenditure per capita (constant 2010 US$),NE.CON.PRVT.PC.KD,,,,,,,,
Portugal,PRT,Household final consumption expenditure per capita (constant 2010 US$),NE.CON.PRVT.PC.KD,14822.32228,14309.09209,13577.92529,13489.14446,13873.88017,14250.51064,14594.45866,
Paraguay,PRY,Household final consumption expenditure per capita (constant 2010 US$),NE.CON.PRVT.PC.KD,2250.029788,2343.488822,2376.787182,2452.904481,2510.961778,2515.407133,2526.546757,
West Bank and Gaza,PSE,Household final consumption expenditure per capita (constant 2010 US$),NE.CON.PRVT.PC.KD,2192.200576,2355.768503,2551.983634,2377.789049,2389.471953,2464.438298,2479.779287,
Pacific island small states,PSS,Household final consumption expenditure per capita (constant 2010 US$),NE.CON.PRVT.PC.KD,,,,,,,,
Post-demographic dividend,PST,Household final consumption expenditure per capita (constant 2010 US$),NE.CON.PRVT.PC.KD,23918.14674,24141.50688,24266.77776,24443.02884,24739.48353,25200.47226,25638.47437,
French Polynesia,PYF,Household final consumption expenditure per capita (constant 2010 US$),NE.CON.PRVT.PC.KD,,,,,,,,
Qatar,QAT,Household final consumption expenditure per capita (constant 2010 US$),NE.CON.PRVT.PC.KD,11368.59607,11124.73361,11380.73365,11608.76432,11884.56099,12267.22413,,
Romania,ROU,Household final consumption expenditure per capita (constant 2010 US$),NE.CON.PRVT.PC.KD,5262.511326,5330.132757,5420.268457,5480.210726,5759.119657,6128.78156,6623.901134,
Russian Federation,RUS,Household final consumption expenditure per capita (constant 2010 US$),NE.CON.PRVT.PC.KD,5496.33295,5855.449915,6306.355875,6620.271207,6629.204949,5971.107265,5691.623768,
Rwanda,RWA,Household final consumption expenditure per capita (constant 2010 US$),NE.CON.PRVT.PC.KD,454.87635,480.7623914,503.0456021,510.2136313,542.0853661,598.4549007,607.5293058,
South Asia,SAS,Household final consumption expenditure per capita (constant 2010 US$),NE.CON.PRVT.PC.KD,741.7809236,792.5419486,823.6139888,865.0588274,903.3752746,943.5043586,1003.214789,
Saudi Arabia,SAU,Household final consumption expenditure per capita (constant 2010 US$),NE.CON.PRVT.PC.KD,6217.210471,6142.404224,6659.158679,6676.303169,6894.154181,7178.302922,7169.813819,
Sudan,SDN,Household final consumption expenditure per capita (constant 2010 US$),NE.CON.PRVT.PC.KD,985.0982958,1049.115189,1105.540997,1119.60279,1118.927365,1130.824766,1137.350805,
Senegal,SEN,Household final consumption expenditure per capita (constant 2010 US$),NE.CON.PRVT.PC.KD,786.7667254,773.8991945,774.304867,767.7006578,784.4840912,800.0104896,814.6636525,
Singapore,SGP,Household final consumption expenditure per capita (constant 2010 US$),NE.CON.PRVT.PC.KD,16543.83808,16880.12154,17087.05265,17375.06322,17558.38697,18147.86665,18016.291,
Solomon Islands,SLB,Household final consumption expenditure per capita (constant 2010 US$),NE.CON.PRVT.PC.KD,,,,,,,,
Sierra Leone,SLE,Household final consumption expenditure per capita (constant 2010 US$),NE.CON.PRVT.PC.KD,304.1715773,396.7434092,415.721859,526.479541,436.9149686,426.5461411,461.614655,
El Salvador,SLV,Household final consumption expenditure per capita (constant 2010 US$),NE.CON.PRVT.PC.KD,3227.597262,3289.663852,3352.877091,3361.762417,3393.432666,3447.733042,3470.18903,
San Marino,SMR,Household final consumption expenditure per capita (constant 2010 US$),NE.CON.PRVT.PC.KD,,,,,,,,
Somalia,SOM,Household final consumption expenditure per capita (constant 2010 US$),NE.CON.PRVT.PC.KD,,,,,,,,
Serbia,SRB,Household final consumption expenditure per capita (constant 2010 US$),NE.CON.PRVT.PC.KD,4223.255435,4297.022937,4231.616397,4228.667309,4192.250669,4232.955642,4296.728428,
Sub-Saharan Africa (excluding high income),SSA,Household final consumption expenditure per capita (constant 2010 US$),NE.CON.PRVT.PC.KD,992.0420305,985.0751461,982.4931375,1040.975097,1034.317992,1033.268815,,
South Sudan,SSD,Household final consumption expenditure per capita (constant 2010 US$),NE.CON.PRVT.PC.KD,647.6074661,593.6588726,598.93332,604.171857,547.3636633,513.5479154,,
Sub-Saharan Africa,SSF,Household final consumption expenditure per capita (constant 2010 US$),NE.CON.PRVT.PC.KD,992.4857248,985.5209924,982.9394761,1041.448879,1034.789877,1033.740678,,
Small states,SST,Household final consumption expenditure per capita (constant 2010 US$),NE.CON.PRVT.PC.KD,4447.410363,4539.613066,4606.077484,4666.605351,4708.381166,4840.193924,,
Sao Tome and Principe,STP,Household final consumption expenditure per capita (constant 2010 US$),NE.CON.PRVT.PC.KD,,,,,,,,
Suriname,SUR,Household final consumption expenditure per capita (constant 2010 US$),NE.CON.PRVT.PC.KD,2982.629349,,,,,,,
Slovak Republic,SVK,Household final consumption expenditure per capita (constant 2010 US$),NE.CON.PRVT.PC.KD,9603.999794,9536.867905,9482.293346,9397.169186,9516.473898,9719.14025,9966.991522,
Slovenia,SVN,Household final consumption expenditure per capita (constant 2010 US$),NE.CON.PRVT.PC.KD,13134.74286,13104.41626,12757.37078,12217.22955,12442.02865,12695.26536,13219.24385,
Sweden,SWE,Household final consumption expenditure per capita (constant 2010 US$),NE.CON.PRVT.PC.KD,24183.54434,24449.62133,24461.02097,24705.46857,24982.01789,25490.23498,25717.73627,
Swaziland,SWZ,Household final consumption expenditure per capita (constant 2010 US$),NE.CON.PRVT.PC.KD,2999.379053,2918.699993,2952.67969,2959.373809,2892.415212,2844.883602,2822.250468,
Sint Maarten (Dutch part),SXM,Household final consumption expenditure per capita (constant 2010 US$),NE.CON.PRVT.PC.KD,,,,,,,,
Seychelles,SYC,Household final consumption expenditure per capita (constant 2010 US$),NE.CON.PRVT.PC.KD,5432.342429,,,,,,,
Syrian Arab Republic,SYR,Household final consumption expenditure per capita (constant 2010 US$),NE.CON.PRVT.PC.KD,,,,,,,,
Turks and Caicos Islands,TCA,Household final consumption expenditure per capita (constant 2010 US$),NE.CON.PRVT.PC.KD,,,,,,,,
Chad,TCD,Household final consumption expenditure per capita (constant 2010 US$),NE.CON.PRVT.PC.KD,587.1200286,587.3771062,617.7797321,650.1714622,672.5718587,628.6485694,581.9517407,
East Asia & Pacific (IDA & IBRD countries),TEA,Household final consumption expenditure per capita (constant 2010 US$),NE.CON.PRVT.PC.KD,1625.659529,1762.476912,1883.136476,1986.749941,2110.110652,2234.223644,2375.02992,
Europe & Central Asia (IDA & IBRD countries),TEC,Household final consumption expenditure per capita (constant 2010 US$),NE.CON.PRVT.PC.KD,4682.433485,5005.778447,5226.288093,5457.07342,5529.249218,5358.708091,5354.915446,
Togo,TGO,Household final consumption expenditure per capita (constant 2010 US$),NE.CON.PRVT.PC.KD,438.0891883,433.0653643,543.0156844,651.0003638,661.6535518,704.1556584,683.6024181,
Thailand,THA,Household final consumption expenditure per capita (constant 2010 US$),NE.CON.PRVT.PC.KD,2648.066717,2683.799827,2850.842206,2864.877128,2878.663857,2930.954651,3011.608017,
Tajikistan,TJK,Household final consumption expenditure per capita (constant 2010 US$),NE.CON.PRVT.PC.KD,619.1102744,632.2005788,644.3331292,655.6425018,,,,
Turkmenistan,TKM,Household final consumption expenditure per capita (constant 2010 US$),NE.CON.PRVT.PC.KD,223.9478317,,,,,,,
Latin America & the Caribbean (IDA & IBRD countries),TLA,Household final consumption expenditure per capita (constant 2010 US$),NE.CON.PRVT.PC.KD,5544.905777,5773.029486,5937.685148,6064.248931,6082.944917,6005.467519,5898.276345,
Timor-Leste,TLS,Household final consumption expenditure per capita (constant 2010 US$),NE.CON.PRVT.PC.KD,567.3261589,561.9611174,568.1742149,583.0119811,601.3082711,596.9293911,,
Middle East & North Africa (IDA & IBRD countries),TMN,Household final consumption expenditure per capita (constant 2010 US$),NE.CON.PRVT.PC.KD,2164.119733,2229.389513,2249.754453,2247.142322,2286.883715,2262.686724,2303.389305,
Tonga,TON,Household final consumption expenditure per capita (constant 2010 US$),NE.CON.PRVT.PC.KD,3476.732161,,,,,,,
South Asia (IDA & IBRD),TSA,Household final consumption expenditure per capita (constant 2010 US$),NE.CON.PRVT.PC.KD,741.7809236,792.5419486,823.6139888,865.0588274,903.3752746,943.5043586,1003.214789,
Sub-Saharan Africa (IDA & IBRD countries),TSS,Household final consumption expenditure per capita (constant 2010 US$),NE.CON.PRVT.PC.KD,992.4857248,985.5209924,982.9394761,1041.448879,1034.789877,1033.740678,,
Trinidad and Tobago,TTO,Household final consumption expenditure per capita (constant 2010 US$),NE.CON.PRVT.PC.KD,8397.423026,8865.666825,9204.00108,7917.975358,7811.807724,8469.551765,,
Tunisia,TUN,Household final consumption expenditure per capita (constant 2010 US$),NE.CON.PRVT.PC.KD,2589.284778,2802.838612,2985.383967,3194.438963,,,,
Turkey,TUR,Household final consumption expenditure per capita (constant 2010 US$),NE.CON.PRVT.PC.KD,6729.389978,7442.371591,7557.941016,8022.461303,8127.969198,8433.307883,8605.856922,
Tuvalu,TUV,Household final consumption expenditure per capita (constant 2010 US$),NE.CON.PRVT.PC.KD,,,,,,,,
Tanzania,TZA,Household final consumption expenditure per capita (constant 2010 US$),NE.CON.PRVT.PC.KD,458.253441,479.722621,479.6240146,504.1040725,510.7110117,502.0992692,567.9519276,
Uganda,UGA,Household final consumption expenditure per capita (constant 2010 US$),NE.CON.PRVT.PC.KD,454.1152405,465.4398509,486.8597,470.712206,466.4159765,501.6285676,484.5560267,
Ukraine,UKR,Household final consumption expenditure per capita (constant 2010 US$),NE.CON.PRVT.PC.KD,1868.523246,2170.232806,2358.31389,2527.069724,2451.406926,1976.020655,2020.152319,
Upper middle income,UMC,Household final consumption expenditure per capita (constant 2010 US$),NE.CON.PRVT.PC.KD,3136.372259,3342.996478,3500.470583,3638.344239,3744.378788,3786.096772,3857.291759,
Uruguay,URY,Household final consumption expenditure per capita (constant 2010 US$),NE.CON.PRVT.PC.KD,7993.772638,8537.417794,8928.861586,9391.377969,9637.347367,9557.013576,9587.466981,
United States,USA,Household final consumption expenditure per capita (constant 2010 US$),NE.CON.PRVT.PC.KD,32979.63664,33475.46315,33711.45505,33965.34546,34680.74059,35682.61696,36404.74589,
Uzbekistan,UZB,Household final consumption expenditure per capita (constant 2010 US$),NE.CON.PRVT.PC.KD,674.7702488,,,,,,,
St. Vincent and the Grenadines,VCT,Household final consumption expenditure per capita (constant 2010 US$),NE.CON.PRVT.PC.KD,,,,,,,,
"Venezuela, RB",VEN,Household final consumption expenditure per capita (constant 2010 US$),NE.CON.PRVT.PC.KD,7571.07692,7759.379432,8184.987021,8451.458397,8055.560274,,,
British Virgin Islands,VGB,Household final consumption expenditure per capita (constant 2010 US$),NE.CON.PRVT.PC.KD,,,,,,,,
Virgin Islands (U.S.),VIR,Household final consumption expenditure per capita (constant 2010 US$),NE.CON.PRVT.PC.KD,22407.20574,22224.35205,21514.52336,21009.18633,20918.23537,21224.86507,,
Vietnam,VNM,Household final consumption expenditure per capita (constant 2010 US$),NE.CON.PRVT.PC.KD,872.2059446,898.1521192,931.4022593,968.4513879,1016.091559,1098.704232,1166.474661,
Vanuatu,VUT,Household final consumption expenditure per capita (constant 2010 US$),NE.CON.PRVT.PC.KD,1796.329832,1807.54958,1820.263703,1841.218232,1871.042801,,,
World,WLD,Household final consumption expenditure per capita (constant 2010 US$),NE.CON.PRVT.PC.KD,5466.053559,5555.792984,5614.340984,5684.292666,5756.455961,5825.61398,5913.493401,
Samoa,WSM,Household final consumption expenditure per capita (constant 2010 US$),NE.CON.PRVT.PC.KD,,,,,,,,
Kosovo,XKX,Household final consumption expenditure per capita (constant 2010 US$),NE.CON.PRVT.PC.KD,2830.144206,2785.409593,2829.758394,2872.086921,3077.204943,3246.005861,3348.264622,
"Yemen, Rep.",YEM,Household final consumption expenditure per capita (constant 2010 US$),NE.CON.PRVT.PC.KD,1058.940544,,,,,,,
South Africa,ZAF,Household final consumption expenditure per capita (constant 2010 US$),NE.CON.PRVT.PC.KD,4293.829066,4456.001219,4556.895793,4581.267549,4547.979483,4561.211453,4539.767178,
Zambia,ZMB,Household final consumption expenditure per capita (constant 2010 US$),NE.CON.PRVT.PC.KD,798.7944815,,,,,,,
Zimbabwe,ZWE,Household final consumption expenditure per capita (constant 2010 US$),NE.CON.PRVT.PC.KD,632.472825,663.8647343,900.3899947,779.4591783,718.0067062,755.5330916,645.7115967,
